Hostname,IP Address
AD01.homart.local,192.168.0.21
AD02.homart.local,192.168.0.22
RDSApp03.homart.local,192.168.0.24
HP-M880,192.168.0.25
HP-M880-QA,192.168.0.26
HP-M880,192.168.0.27
HPM880-LocalSales,192.168.0.28
HP-M880-WarehouseOffice,192.168.0.29
H08.homart.local,192.168.0.31
H08.homart.local,192.168.0.32
NPI6A220E,192.168.0.36
BRNB42200D3214C,192.168.0.38
BRNB4220061B95A,192.168.0.40
NPIEAF773,192.168.0.42
BRN3C2AF4B1AEF0,192.168.0.43
SAP02.homart.local,192.168.0.44
SAP02.homart.local,192.168.0.45
BRNB4220061BA1D,192.168.0.46
BRN3C2AF46A91CE,192.168.0.47
BRN3C2AF454FD12,192.168.0.49
F01.homart.local,192.168.0.51
H10.homart.local,192.168.0.54
H10.homart.local,192.168.0.55
H12.homart.local,192.168.0.57
H12.homart.local,192.168.0.58
H06.homart.local,192.168.0.59
H06.homart.local,192.168.0.60
RDS06.homart.local,192.168.0.61
RDS07.homart.local,192.168.0.62
RDSIS.homart.local,192.168.0.63
RDS01.homart.local,192.168.0.64
ClockOnApp.homart.local,192.168.0.65
RDS02.homart.local,192.168.0.66
RDS03.homart.local,192.168.0.67
HCController.homart.local,192.168.0.68
RDSApp01.homart.local,192.168.0.70
H11.homart.local,192.168.0.71
H11.homart.local,192.168.0.72
H09.homart.local,192.168.0.73
H16.homart.local,192.168.0.75
H16.homart.local,192.168.0.76
H17.homart.local,192.168.0.78
H17.homart.local,192.168.0.79
H18.homart.local,192.168.0.82
H02.homart.local,192.168.0.90
H19.homart.local,192.168.0.92
H19.homart.local,192.168.0.93
SERVER24.homart.local,192.168.0.94
MYOB3.homart.local,192.168.0.95
MYOB2.homart.local,192.168.0.96
MYOB.homart.local,192.168.0.99
NPI921A28,192.168.0.100
NPIE97FBC,192.168.0.103
SERVER24.homart.local,192.168.0.107
NPI05BEA2,192.168.0.112
NPI6651C9,192.168.0.114
BRN3C2AF4DB3F79,192.168.0.115
BRN3C2AF4E310A4,192.168.0.116
BRNB42200D32108,192.168.0.117
BRN3C2AF4739FB4,192.168.0.119
RDS04.homart.local,192.168.0.122
RDS05.homart.local,192.168.0.124
H05.homart.local,192.168.0.128
H05.homart.local,192.168.0.129
RDS09.homart.local,192.168.0.130
Server10.homart.local,192.168.0.131
mytimecard.homart.local,192.168.0.134
SERVER13A.homart.local,192.168.0.136
PC7009.homart.local,192.168.0.138
Server17.homart.local,192.168.0.139
H07.homart.local,192.168.0.140
H14-Upjohn1.homart.local,192.168.0.142
H15-Upjohn2.homart.local,192.168.0.144
H15-Upjohn2.homart.local,192.168.0.145
Server25.homart.local,192.168.0.147
Server25.homart.local,192.168.0.148
H04.homart.local,192.168.0.149
PC870.homart.local,192.168.0.151
PC7005.homart.local,192.168.0.155
H09.homart.local,192.168.0.159
JYPC.homart.local,192.168.0.160
PC873.homart.local,192.168.0.161
PC828.homart.local,192.168.0.163
Homart_GM2.homart.local,192.168.0.165
PC883.homart.local,192.168.0.166
PC868.homart.local,192.168.0.169
PC877.homart.local,192.168.0.171
PC823.homart.local,192.168.0.173
PC862.homart.local,192.168.0.175
H04.homart.local,192.168.0.177
PC852.homart.local,192.168.0.181
PC885.homart.local,192.168.0.185
PC878.homart.local,192.168.0.186
PC1002.homart.local,192.168.0.187
H02.homart.local,192.168.0.189
PC847.homart.local,192.168.0.190
PC881.homart.local,192.168.0.192
H14-Upjohn1.homart.local,192.168.0.193
H18.homart.local,192.168.0.196
PC896.homart.local,192.168.0.199
PC874.homart.local,192.168.0.200
PC1015.homart.local,192.168.0.204
PC1014.homart.local,192.168.0.205
PC882.homart.local,192.168.0.207
PC7002.homart.local,192.168.0.210
PC851.homart.local,192.168.0.212
PC850.homart.local,192.168.0.213
PC880.homart.local,192.168.0.218
PC1003.homart.local,192.168.0.219
PC866A.homart.local,192.168.0.221
PC841.homart.local,192.168.0.222
PC831.homart.local,192.168.0.226
Dev01.homart.local,192.168.0.241
PC861.homart.local,192.168.0.243
