Hostname,IP Address
Server10.homart.local,192.168.0.131
RDSApp01.homart.local,192.168.0.70
ClockOnApp.homart.local,192.168.0.65
H17.homart.local,192.168.0.79
Server25.homart.local,192.168.0.147
BRN3C2AF4B1AEF0,192.168.0.43
PC828.homart.local,192.168.0.163
H14-Upjohn1.homart.local,192.168.0.193
H05.homart.local,192.168.0.129
RDS04.homart.local,192.168.0.122
h18.homart.local,192.168.0.82
PC841.homart.local,192.168.0.222
NPIE97FBC,192.168.0.103
PC1003.homart.local,192.168.0.219
H02.homart.local,192.168.0.90
RDS05.homart.local,192.168.0.124
H19.homart.local,192.168.0.93
PC851.homart.local,192.168.0.212
PC7005.homart.local,192.168.0.155
H11.homart.local,192.168.0.72
PC852.homart.local,192.168.0.181
PC870.homart.local,192.168.0.151
H06.homart.local,192.168.0.60
mytimecard.homart.local,192.168.0.134
H10.homart.local,192.168.0.54
H15-Upjohn2.homart.local,192.168.0.144
RDS02.homart.local,192.168.0.66
F01.homart.local,192.168.0.51
HP-M880-WarehouseOffice,192.168.0.29
BRNB4220061B95A,192.168.0.40
HP-M880,192.168.0.25
BRN3C2AF4E310A4,192.168.0.116
NPIEAF773,192.168.0.42
HP-M880-QA,192.168.0.26
H04.homart.local,192.168.0.149
RDS01.homart.local,192.168.0.64
H11.homart.local,192.168.0.71
Dev01.homart.local,192.168.0.241
PC7009.homart.local,192.168.0.138
PC862.homart.local,192.168.0.175
H07.homart.local,192.168.0.140
PC873.homart.local,192.168.0.161
H10.homart.local,192.168.0.55
PC1014.homart.local,192.168.0.205
BRN3C2AF4739FB4,192.168.0.119
HCController.homart.local,192.168.0.68
BRNB42200D3214C,192.168.0.38
RDS06.homart.local,192.168.0.61
NPI921A28,192.168.0.100
BRN3C2AF46A91CE,192.168.0.47
BRNB4220061BA1D,192.168.0.46
BRNB42200D32108,192.168.0.117
NPI6A220E,192.168.0.36
HPM880-LOCALSAL,192.168.0.28
